timestamp,action,task_id,task_name,user,params_summary,result
2026-04-09T08:58:21.097Z,legion_get_status,,,Claude,,failed
2026-04-09T08:58:33.316Z,legion_init,,,Claude,workingDirectory: /Users/c1/Work/auth-mini,success
2026-04-09T08:58:39.120Z,legion_list_tasks,,,Claude,,success
2026-04-09T08:58:57.686Z,legion_create_task,,,Claude,goal: 锁定 Docker 基础镜像到 node:24.14.1 的 Debian slim 变体，清理 runtime 安装步骤，并评估是否可以移除 docker/entrypoint.sh。,failed
2026-04-09T08:59:15.345Z,legion_propose_task,,,Claude,name: Docker runtime slim + entrypoint 评估,success
2026-04-09T08:59:25.939Z,legion_approve_proposal,docker-runtime-slim-entrypoint,Docker runtime slim + entrypoint 评估,Claude,proposalId: proposal-mnr8wqvk-43eb5d,success
2026-04-09T09:01:04.361Z,legion_update_context,docker-runtime-slim-entrypoint,Docker runtime slim + entrypoint 评估,Claude,addDecision: 本任务先按 Medium 风险推进,success
2026-04-09T09:08:43.590Z,legion_get_status,docker-runtime-slim-entrypoint,Docker runtime slim + entrypoint 评估,Claude,,success
2026-04-09T09:09:24.046Z,legion_update_tasks,docker-runtime-slim-entrypoint,Docker runtime slim + entrypoint 评估,Claude,completeTask: 审查当前 Dockerfile 与 entrypoint 相关脚本，确认风险、约束与验证口径,success
2026-04-09T09:09:34.343Z,legion_update_context,docker-runtime-slim-entrypoint,Docker runtime slim + entrypoint 评估,Claude,addDecision: 本轮固定采用 node:24.14.1-trixie-slim 作为 builder/runtime 基础镜像,success
2026-04-09T09:10:11.733Z,legion_get_status,docker-runtime-slim-entrypoint,Docker runtime slim + entrypoint 评估,Claude,,success
2026-04-09T09:15:40.290Z,legion_read_context,docker-runtime-slim-entrypoint,Docker runtime slim + entrypoint 评估,Claude,"section: all, includeReviews: true",success
2026-04-09T09:15:40.290Z,legion_get_status,docker-runtime-slim-entrypoint,Docker runtime slim + entrypoint 评估,Claude,,success
2026-04-09T09:27:33.984Z,legion_get_status,docker-runtime-slim-entrypoint,Docker runtime slim + entrypoint 评估,Claude,,success
2026-04-09T09:27:33.986Z,legion_read_context,docker-runtime-slim-entrypoint,Docker runtime slim + entrypoint 评估,Claude,"section: all, includeReviews: true",success
2026-04-09T09:33:16.697Z,legion_get_status,docker-runtime-slim-entrypoint,Docker runtime slim + entrypoint 评估,Claude,,success
2026-04-09T09:33:16.704Z,legion_read_context,docker-runtime-slim-entrypoint,Docker runtime slim + entrypoint 评估,Claude,"section: all, includeReviews: true",success
2026-04-09T09:33:27.391Z,legion_get_status,docker-runtime-slim-entrypoint,Docker runtime slim + entrypoint 评估,Claude,,success
2026-04-09T09:33:27.391Z,legion_read_context,docker-runtime-slim-entrypoint,Docker runtime slim + entrypoint 评估,Claude,"section: all, includeReviews: true",success
2026-04-09T09:37:06.755Z,legion_get_status,docker-runtime-slim-entrypoint,Docker runtime slim + entrypoint 评估,Claude,,success
2026-04-09T09:37:06.756Z,legion_read_context,docker-runtime-slim-entrypoint,Docker runtime slim + entrypoint 评估,Claude,"section: all, includeReviews: true",success
2026-04-09T09:37:08.729Z,legion_get_status,docker-runtime-slim-entrypoint,Docker runtime slim + entrypoint 评估,Claude,,success
2026-04-09T09:39:12.606Z,legion_update_context,docker-runtime-slim-entrypoint,Docker runtime slim + entrypoint 评估,Claude,addDecision: 本轮 entrypoint 不移除,success
2026-04-09T09:39:20.169Z,legion_update_tasks,docker-runtime-slim-entrypoint,Docker runtime slim + entrypoint 评估,Claude,completeTask: 更新 Dockerfile/runtime 逻辑并在必要时调整相关测试,success
2026-04-09T09:41:50.185Z,legion_update_tasks,docker-runtime-slim-entrypoint,Docker runtime slim + entrypoint 评估,Claude,completeTask: 评估 entrypoint 是否可移除并形成结论,success
2026-04-09T09:42:07.841Z,legion_update_tasks,docker-runtime-slim-entrypoint,Docker runtime slim + entrypoint 评估,Claude,completeTask: 同步更新测试脚本中硬编码的 node:20-slim 基线，避免与目标镜像漂移,success
2026-04-09T09:42:24.607Z,legion_update_tasks,docker-runtime-slim-entrypoint,Docker runtime slim + entrypoint 评估,Claude,completeTask: 完成代码评审、安全评估（如需要）与交付文档,success
2026-04-09T10:03:04.015Z,legion_update_context,docker-runtime-slim-entrypoint,Docker runtime slim + entrypoint 评估,Claude,addDecision: 直接删除所有 cloudflared 与 curl 路径，而不是保留 shim 或下载阶段,success
2026-04-09T10:03:14.421Z,legion_update_tasks,docker-runtime-slim-entrypoint,Docker runtime slim + entrypoint 评估,Claude,completeTask: 评估将 runtime curl shim 改成私有脚本名以减少误用,success
2026-04-09T10:14:21.989Z,legion_update_context,docker-runtime-slim-entrypoint,Docker runtime slim + entrypoint 评估,Claude,addDecision: 用 Node launcher 取代 shell entrypoint,success
2026-04-09T12:28:13.897Z,legion_update_context,docker-runtime-slim-entrypoint,Docker runtime slim + entrypoint 评估,Claude,addDecision: 不再新增 launcher 或 index.ts 级包装逻辑,success
2026-04-09T12:28:19.515Z,legion_update_tasks,docker-runtime-slim-entrypoint,Docker runtime slim + entrypoint 评估,Claude,completeTask: 为 auth-mini stub 增加 token 不继承的安全回归断言,success
2026-04-10T14:49:59.202Z,legion_list_tasks,docker-runtime-slim-entrypoint,Docker runtime slim + entrypoint 评估,Claude,,success
2026-04-10T14:49:59.209Z,legion_get_status,docker-runtime-slim-entrypoint,Docker runtime slim + entrypoint 评估,Claude,,success
2026-04-10T14:50:05.375Z,legion_archive_task,docker-runtime-slim-entrypoint,Docker runtime slim + entrypoint 评估,Claude,taskId: docker-runtime-slim-entrypoint,success
2026-04-10T14:50:26.217Z,legion_create_task,,,Claude,goal: 将 Docker 镜像构建从应用编译流程中解耦，让 CI 先产出 Linux runtime artifact，Dockerfile 只负责 copy + 封装运行时。,failed
2026-04-10T14:50:42.785Z,legion_propose_task,,,Claude,name: docker-runtime-copy-only-packaging,success
2026-04-10T14:50:52.032Z,legion_approve_proposal,docker-runtime-copy-only-packaging,docker-runtime-copy-only-packaging,Claude,proposalId: proposal-mnt0wkpq-f9e9bb,success
2026-04-10T14:51:05.865Z,legion_switch_task,docker-runtime-copy-only-packaging,docker-runtime-copy-only-packaging,Claude,taskId: docker-runtime-copy-only-packaging,success
2026-04-10T14:51:05.866Z,legion_list_tasks,docker-runtime-copy-only-packaging,docker-runtime-copy-only-packaging,Claude,,success
2026-04-11T09:34:24.183Z,legion_get_status,docker-runtime-copy-only-packaging,docker-runtime-copy-only-packaging,Claude,,success
